Vdd,Wn,Ln,Wp,Lp,Wr1,Lr1,R1 (in kOhms),Wr2,Lr2,R2 (in kOhms),Wc,Lc,MFc,C1 (in pF),Vdc (in mV),gain (in dB),cut-off frequency (in kHz),noise in (uV),power (in uW)
1.5,20.0,0.15,40.0,0.15,1.0,30.0,60.0,1.0,50.0,100.0,15.0,15.0,6.0,2.768,705.2,20.51506,525.0492,15.43656,161.3881
1.25,40.0,0.15,80.0,0.15,1.0,50.0,100.0,1.0,50.0,100.0,15.0,15.0,6.0,2.768,590.0999999999999,20.22268,489.2721,9.761662,30.48936
1.125,50.0,0.15,100.0,0.15,1.0,90.0,180.0,1.0,50.0,100.0,14.0,13.0,6.0,2.246,538.0,20.17452,519.937,8.460034,9.831864
1.125,50.0,0.15,100.0,0.15,1.0,90.0,180.0,1.0,50.0,100.0,70.0,60.0,6.0,50.699999999999996,538.0,20.17452,23.02707,8.460322,9.831872
1.125,250.0,1.0,200.0,0.25,1.0,90.0,180.0,1.0,50.0,100.0,70.0,60.0,6.0,50.6964,448.66,23.82489,12.94196,2.832653,2.794655
1.125,250.0,1.0,200.0,0.25,1.0,90.0,180.0,1.0,50.0,100.0,55.0,55.0,5.0,30.459000000000003,448.66,23.82489,21.51295,2.832481,2.794644
