Vdd,Wn,Ln,Wp,Lp,R_1,R_2,C_1,G_mn,G_mp,G_dsn,G_dsp,C_gsn,C_gsp,Vdc,gain_dB_calc,cut-off_calc,noise_calc,power_calc,gain_dB_sim,cut-off_sim,noise_sim,power_sim
1.5,20.0,0.15,40.0,0.15,60000.0,100000.0,2.768e-12,0.001642537,0.001314604,9.321308e-05,0.0001683392,9.11685e-15,2.38214e-14,0.7052,20.52971,555032.3,0.0,0.0,20.52,524500.0,4.126e-07,0.0001613881
1.25,40.0,0.15,80.0,0.15,100000.0,100000.0,2.768e-12,0.0005168,0.0003767,2.8e-05,4.871e-05,1.232e-14,3.358e-14,0.5901,20.26051,515527.5,0.0,0.0,20.22,489300.0,2.613e-07,3.048936e-05
