Vdd,Wn,Ln,Wp,Lp,Wr1,Lr1,R_1,Wr2,Lr2,R_2,Wc,Lc,MFc,C_1,Vdc,gain_dB_sim,cut-off_sim,inoise_sim,power_sim
1.5,20.0,0.15,40.0,0.15,1.0,30.0,60000.0,1.0,50.0,100000.0,15.0,15.0,6.0,2.768e-12,0.7052,20.52,523900.0,4.126e-07,0.0001613881
1.25,40.0,0.15,80.0,0.15,1.0,50.0,100000.0,1.0,50.0,100000.0,15.0,15.0,6.0,2.768e-12,0.5901,20.22,490000.0,2.613e-07,3.048936e-05
1.125,50.0,0.15,100.0,0.15,1.0,90.0,180000.0,1.0,50.0,100000.0,14.0,13.0,6.0,2.246e-12,0.538,20.17,520100.0,2.263e-07,9.831864e-06
